FrameID,Brand,Category,SubCategory,FrameType,Size_Inch,Wheelbase_mm,Material,ArmType,MountingPattern,SupportedDroneType,IntendedUse
FRM-0001,GEPRC,Frames,FPV Frame,Whoop Frame,2,75,Carbon + Plastic,Integrated,Whoop,FPV,Indoor FPV
FRM-0002,BetaFPV,Frames,FPV Frame,Whoop Frame,2,65,Plastic,Integrated,Whoop,FPV,Training
FRM-0003,Happymodel,Frames,FPV Frame,Whoop Frame,2,75,Plastic,Integrated,Whoop,FPV,Micro FPV
FRM-0004,Flywoo,Frames,FPV Frame,Whoop Frame,2.5,85,Carbon + Plastic,Integrated,Whoop,FPV,Cinematic Whoop
FRM-0005,iFlight,Frames,FPV Frame,Cinewhoop Frame,3,95,Carbon + Plastic,Integrated,Whoop,FPV,Cinematic FPV
FRM-0006,GEPRC,Frames,FPV Frame,Cinewhoop Frame,3.5,120,Carbon + Plastic,Integrated,20x20,FPV,Cinematic FPV
FRM-0007,iFlight,Frames,FPV Frame,Cinewhoop Frame,3.5,130,Carbon + Plastic,Integrated,20x20,FPV,Cinematic FPV
FRM-0008,Flywoo,Frames,FPV Frame,Cinewhoop Frame,3.5,135,Carbon + Plastic,Integrated,20x20,FPV,Cinematic FPV
FRM-0009,Diatone,Frames,FPV Frame,Cinewhoop Frame,3,110,Carbon + Plastic,Integrated,20x20,FPV,Cinematic FPV
FRM-0010,BetaFPV,Frames,FPV Frame,Cinewhoop Frame,3,95,Plastic,Integrated,Whoop,FPV,Cinematic FPV
FRM-0011,Armattan,Frames,FPV Frame,Freestyle Frame,5,220,Carbon,Replaceable,30x30,FPV,Freestyle
FRM-0012,iFlight,Frames,FPV Frame,Freestyle Frame,5,225,Carbon,Replaceable,30x30,FPV,Freestyle
FRM-0013,GEPRC,Frames,FPV Frame,Freestyle Frame,5,225,Carbon,Replaceable,30x30,FPV,Freestyle
FRM-0014,Diatone,Frames,FPV Frame,Freestyle Frame,5,230,Carbon,Replaceable,30x30,FPV,Freestyle
FRM-0015,ImpulseRC,Frames,FPV Frame,Freestyle Frame,5,220,Carbon,Replaceable,30x30,FPV,Freestyle
FRM-0016,TBS,Frames,FPV Frame,Freestyle Frame,5,215,Carbon,Replaceable,30x30,FPV,Freestyle
FRM-0017,Armattan,Frames,FPV Frame,Freestyle Frame,6,260,Carbon,Replaceable,30x30,FPV,Long Range Freestyle
FRM-0018,GEPRC,Frames,FPV Frame,Freestyle Frame,6,265,Carbon,Replaceable,30x30,FPV,Long Range FPV
FRM-0019,iFlight,Frames,FPV Frame,Freestyle Frame,7,295,Carbon,Replaceable,30x30,FPV,Long Range FPV
FRM-0020,Flywoo,Frames,FPV Frame,Long Range Frame,7,300,Carbon,Replaceable,30x30,FPV,Explorer FPV
FRM-0021,GEPRC,Frames,FPV Frame,Long Range Frame,10,420,Carbon,Replaceable,30x30,FPV,Ultra Long Range
FRM-0022,iFlight,Frames,FPV Frame,Long Range Frame,10,450,Carbon,Replaceable,30x30,FPV,Long Range FPV
FRM-0023,Reptile,Frames,FPV Frame,Long Range Frame,10,480,Carbon,Replaceable,30x30,FPV,Explorer FPV
FRM-0024,Flywoo,Frames,FPV Frame,Long Range Frame,9,380,Carbon,Replaceable,30x30,FPV,Long Endurance
FRM-0025,Custom,Frames,FPV Frame,Long Range Frame,8,350,Carbon,Replaceable,30x30,FPV,Custom Build
FRM-0026,RCExplorer,Frames,Fixed Wing Frame,Airplane Frame,Custom,800,EPO Foam,Fixed,Wing Mount,Fixed Wing,Mapping UAV
FRM-0027,RMRC,Frames,Fixed Wing Frame,Airplane Frame,Custom,900,EPO Foam,Fixed,Wing Mount,Fixed Wing,Long Range UAV
FRM-0028,Zeta,Frames,Fixed Wing Frame,Flying Wing,Custom,700,EPO Foam,Fixed,Wing Mount,Fixed Wing,FPV Wing
FRM-0029,AtomRC,Frames,Fixed Wing Frame,Airplane Frame,Custom,1200,EPO Foam,Fixed,Wing Mount,Fixed Wing,Survey UAV
FRM-0030,Custom,Frames,Fixed Wing Frame,Composite Wing,Custom,1500,Composite,Fixed,Wing Mount,Fixed Wing,Industrial UAV
,,,,,,,,,,,
FRM-0031,Holybro,Frames,Industrial Frame,Multirotor Frame,Custom,450,Carbon + Aluminum,Replaceable,30x30,Industrial,Survey UAV
FRM-0032,Tarot,Frames,Industrial Frame,Multirotor Frame,Custom,650,Carbon + Aluminum,Replaceable,Standard,Industrial,Heavy Lift
FRM-0033, Tarot,Frames,Industrial Frame,Multirotor Frame,Custom,960,Carbon + Aluminum,Replaceable,Standard,Industrial,Heavy Lift
FRM-0034,Custom,Frames,Industrial Frame,Multirotor Frame,Custom,1000,Carbon + Aluminum,Replaceable,Standard,Industrial,Payload UAV
FRM-0035,Custom,Frames,Industrial Frame,Multirotor Frame,Custom,1200,Carbon + Aluminum,Replaceable,Standard,Industrial,Mapping UAV
FRM-0036,Custom,Frames,VTOL Frame,VTOL Frame,Custom,900,Composite,Hybrid,Custom,Industrial,VTOL UAV
FRM-0037,Custom,Frames,VTOL Frame,VTOL Frame,Custom,1100,Composite,Hybrid,Custom,Industrial,VTOL UAV
FRM-0038,Custom,Frames,VTOL Frame,Tiltrotor Frame,Custom,1000,Composite,Hybrid,Custom,Industrial,VTOL UAV
FRM-0039,Custom,Frames,VTOL Frame,Tiltwing Frame,Custom,1200,Composite,Hybrid,Custom,Industrial,VTOL UAV
FRM-0040,Custom,Frames,VTOL Frame,Convertible Frame,Custom,950,Composite,Hybrid,Custom,Industrial,VTOL UAV
FRM-0041,Custom,Frames,Industrial Frame,Agriculture Frame,Custom,1600,Carbon + Aluminum,Replaceable,Standard,Industrial,Agriculture UAV
FRM-0042,Custom,Frames,Industrial Frame,Agriculture Frame,Custom,1800,Carbon + Aluminum,Replaceable,Standard,Industrial,Agriculture UAV
FRM-0043,Custom,Frames,Industrial Frame,Agriculture Frame,Custom,2000,Carbon + Aluminum,Replaceable,Standard,Industrial,Agriculture UAV
FRM-0044,Custom,Frames,Industrial Frame,Inspection Frame,Custom,1000,Carbon + Aluminum,Replaceable,Standard,Industrial,Inspection UAV
FRM-0045,Custom,Frames,Industrial Frame,Inspection Frame,Custom,1200,Carbon + Aluminum,Replaceable,Standard,Industrial,Inspection UAV
FRM-0046,Custom,Frames,Industrial Frame,Marine Frame,Custom,900,Aluminum + Composite,Replaceable,Sealed,Industrial,Marine UAV
FRM-0047,Custom,Frames,Industrial Frame,Marine Frame,Custom,1100,Aluminum + Composite,Replaceable,Sealed,Industrial,Marine UAV
FRM-0048,Custom,Frames,Industrial Frame,Rail Inspection Frame,Custom,950,Carbon + Aluminum,Replaceable,Standard,Industrial,Rail UAV
FRM-0049,Custom,Frames,Industrial Frame,Confined Space Frame,Custom,600,Carbon + Plastic,Protected,Standard,Industrial,Confined UAV
FRM-0050,Custom,Frames,Industrial Frame,,,,,,,,
FRM-0051,BetaFPV,Frames,FPV Frame,Micro Frame,1.6,65,Plastic,Integrated,Whoop,FPV,Tiny Whoop
FRM-0052,Happymodel,Frames,FPV Frame,Micro Frame,2,75,Plastic,Integrated,Whoop,FPV,Micro FPV
FRM-0053,Flywoo,Frames,FPV Frame,Micro Frame,2.5,90,Carbon,Replaceable,16x16,FPV,Micro Freestyle
FRM-0054,GEPRC,Frames,FPV Frame,Micro Frame,3,120,Carbon,Replaceable,20x20,FPV,Micro Freestyle
FRM-0055,Diatone,Frames,FPV Frame,Micro Frame,3,130,Carbon,Replaceable,20x20,FPV,Micro FPV
FRM-0056,GEPRC,Frames,FPV Frame,Racing Frame,5,210,Carbon,Replaceable,30x30,FPV,Racing
FRM-0057,iFlight,Frames,FPV Frame,Racing Frame,5,205,Carbon,Replaceable,30x30,FPV,Racing
FRM-0058,Diatone,Frames,FPV Frame,Racing Frame,5,200,Carbon,Replaceable,30x30,FPV,Racing
FRM-0059,ImpulseRC,Frames,FPV Frame,Racing Frame,5,198,Carbon,Replaceable,30x30,FPV,Racing
FRM-0060,T-Motor,Frames,FPV Frame,Racing Frame,5,215,Carbon,Replaceable,30x30,FPV,Racing
FRM-0061,GEPRC,Frames,FPV Frame,Endurance Frame,7,300,Carbon,Replaceable,30x30,FPV,Endurance FPV
FRM-0062,Flywoo,Frames,FPV Frame,Endurance Frame,8,360,Carbon,Replaceable,30x30,FPV,Endurance FPV
FRM-0063,Custom,Frames,FPV Frame,Endurance Frame,9,390,Carbon,Replaceable,30x30,FPV,Endurance FPV
FRM-0064,Custom,Frames,FPV Frame,Endurance Frame,10,430,Carbon,Replaceable,30x30,FPV,Ultra Endurance
FRM-0065,Reptile,Frames,FPV Frame,Foldable Frame,7,320,Carbon,Replaceable,30x30,FPV,Portable FPV
FRM-0066,Reptile,Frames,FPV Frame,Foldable Frame,10,460,Carbon,Replaceable,30x30,FPV,Portable LR
FRM-0067,Custom,Frames,FPV Frame,Modular Frame,5,225,Carbon,Modular,30x30,FPV,Custom Builds
FRM-0068,Custom,Frames,FPV Frame,Modular Frame,7,295,Carbon,Modular,30x30,FPV,Custom Builds
FRM-0069,Holybro,Frames,Industrial Frame,Survey Frame,Custom,500,Carbon + Aluminum,Replaceable,30x30,Industrial,Survey UAV
FRM-0070,Holybro,Frames,Industrial Frame,Survey Frame,Custom,700,Carbon + Aluminum,Replaceable,Standard,Industrial,Survey UAV
FRM-0071,Tarot,Frames,Industrial Frame,Survey Frame,Custom,800,Carbon + Aluminum,Replaceable,Standard,Industrial,Survey UAV
FRM-0072,Tarot,Frames,Industrial Frame,Survey Frame,Custom,1000,Carbon + Aluminum,Replaceable,Standard,Industrial,Survey UAV
FRM-0073,Custom,Frames,Industrial Frame,Inspection Frame,Custom,850,Carbon + Aluminum,Replaceable,Standard,Industrial,Inspection UAV
FRM-0074,Custom,Frames,Industrial Frame,Inspection Frame,Custom,1050,Carbon + Aluminum,Replaceable,Standard,Industrial,Inspection UAV
FRM-0075,Custom,Frames,Industrial Frame,Delivery Frame,Custom,1200,Carbon + Aluminum,Replaceable,Standard,Industrial,Delivery UAV
FRM-0076,Custom,Frames,Industrial Frame,Delivery Frame,Custom,1500,Carbon + Aluminum,Replaceable,Standard,Industrial,Heavy Delivery
FRM-0077,Custom,Frames,Industrial Frame,Confined Frame,Custom,550,Carbon + Plastic,Protected,Standard,Industrial,Confined UAV
FRM-0078,Custom,Frames,Industrial Frame,Confined Frame,Custom,650,Carbon + Plastic,Protected,Standard,Industrial,Confined UAV
FRM-0079,Custom,Frames,Industrial Frame,Underwater Frame,Custom,800,Aluminum + Composite,Sealed,Custom,Industrial,UUV
FRM-0080,Custom,Frames,Industrial Frame,Underwater Frame,Custom,1000,Aluminum + Composite,Sealed,Custom,Industrial,UUV
FRM-0081,Custom,Frames,VTOL Frame,Fixed-Wing VTOL,Custom,1300,Composite,Hybrid,Custom,Industrial,VTOL UAV
FRM-0082,Custom,Frames,VTOL Frame,Quadplane VTOL,Custom,1100,Composite,Hybrid,Custom,Industrial,VTOL UAV
FRM-0083,Custom,Frames,VTOL Frame,Tiltrotor VTOL,Custom,1200,Composite,Hybrid,Custom,Industrial,VTOL UAV
FRM-0084,Custom,Frames,VTOL Frame,Heavy VTOL,Custom,1500,Composite,Hybrid,Custom,Industrial,Heavy VTOL
FRM-0085,Custom,Frames,VTOL Frame,Compact VTOL,Custom,900,Composite,Hybrid,Custom,Industrial,Compact VTOL
FRM-0086,Custom,Frames,Fixed Wing Frame,Long Endurance Wing,Custom,1800,Composite,Fixed,Wing Mount,Fixed Wing,HALE UAV
FRM-0087,Custom,Frames,Fixed Wing Frame,High Speed Wing,Custom,1400,Composite,Fixed,Wing Mount,Fixed Wing,High Speed UAV
FRM-0088,Custom,Frames,Fixed Wing Frame,Cargo Wing,Custom,2000,Composite,Fixed,Wing Mount,Fixed Wing,Cargo UAV
FRM-0089,Custom,Frames,Fixed Wing Frame,Glider Wing,Custom,2200,Composite,Fixed,Wing Mount,Fixed Wing,Glider UAV
FRM-0090,Custom,Frames,Fixed Wing Frame,Hybrid Wing,Custom,1600,Composite,Fixed,Wing Mount,Fixed Wing,Hybrid UAV
FRM-0091,Custom,Frames,Industrial Frame,Rail Inspection Frame,Custom,1000,Carbon + Aluminum,Replaceable,Standard,Industrial,Rail UAV
FRM-0092,Custom,Frames,Industrial Frame,Pipeline Frame,Custom,1200,Carbon + Aluminum,Replaceable,Standard,Industrial,Pipeline UAV
FRM-0093,Custom,Frames,Industrial Frame,Powerline Frame,Custom,1300,Carbon + Aluminum,Replaceable,Standard,Industrial,Powerline UAV
FRM-0094,Custom,Frames,Industrial Frame,Urban Frame,Custom,750,Carbon + Plastic,Protected,Standard,Industrial,Urban UAV
FRM-0095,Custom,Frames,Industrial Frame,Swarm Frame,Custom,400,Carbon,Replaceable,Standard,Industrial,Swarm UAV
FRM-0096,Custom,Frames,Industrial Frame,Redundant Frame,Custom,900,Carbon + Aluminum,Replaceable,Standard,Industrial,Critical UAV
FRM-0097,Custom,Frames,Industrial Frame,Defense Frame,Custom,1600,Carbon + Titanium,Replaceable,Standard,Industrial,Defense UAV
FRM-0098,Custom,Frames,Industrial Frame,Experimental Frame X,Custom,1000,Composite,Modular,Custom,Industrial,Experimental UAV
FRM-0099,BetaFPV,Frames,FPV Frame,Whoop Frame,1.2,55,Plastic,Integrated,Whoop,FPV,Indoor Training
FRM-0100,Happymodel,Frames,FPV Frame,Whoop Frame,1.6,65,Plastic,Integrated,Whoop,FPV,Indoor Racing
FRM-0101,Custom,Frames,FPV Frame,Toothpick Frame,3,120,Carbon,Replaceable,16x16,FPV,Lightweight FPV
FRM-0102,Custom,Frames,FPV Frame,Toothpick Frame,4,150,Carbon,Replaceable,20x20,FPV,Ultra Light FPV
FRM-0103,Armattan,Frames,FPV Frame,Unibody Frame,5,215,Carbon,Unibody,30x30,FPV,Freestyle
FRM-0104,Custom,Frames,FPV Frame,Unibody Frame,7,290,Carbon,Unibody,30x30,FPV,Long Range
FRM-0105,Custom,Frames,FPV Frame,Stackless Frame,5,220,Carbon,Integrated,Custom,FPV,Low Profile FPV
FRM-0106,Custom,Frames,FPV Frame,Stackless Frame,3.5,140,Carbon,Integrated,Custom,FPV,Cinematic FPV
FRM-0107,Custom,Frames,FPV Frame,Vertical Arm Frame,5,225,Carbon,Vertical,30x30,FPV,Freestyle
FRM-0108,Custom,Frames,FPV Frame,Vertical Arm Frame,7,300,Carbon,Vertical,30x30,FPV,Long Range
FRM-0109,Custom,Frames,FPV Frame,Deadcat Frame,5,230,Carbon,Replaceable,30x30,FPV,Filming FPV
FRM-0110,Custom,Frames,FPV Frame,Deadcat Frame,7,310,Carbon,Replaceable,30x30,FPV,Cinematic LR
FRM-0111,Custom,Frames,FPV Frame,Pusher Frame,7,320,Carbon,Replaceable,30x30,FPV,Endurance FPV
FRM-0112,Custom,Frames,FPV Frame,Pusher Frame,9,380,Carbon,Replaceable,30x30,FPV,Ultra Endurance
FRM-0113,Custom,Frames,Industrial Frame,Modular Payload Frame,Custom,900,Carbon + Aluminum,Modular,Standard,Industrial,Payload UAV
FRM-0114,Custom,Frames,Industrial Frame,Quick-Release Frame,Custom,1000,Carbon + Aluminum,Replaceable,Standard,Industrial,Field Ops
FRM-0115,Custom,Frames,Industrial Frame,Foldable Transport Frame,Custom,1100,Carbon + Aluminum,Foldable,Standard,Industrial,Mobile Ops
FRM-0116,Custom,Frames,Industrial Frame,Redundant Motor Frame,Custom,1200,Carbon + Aluminum,Replaceable,Standard,Industrial,Critical UAV
FRM-0117,Custom,Frames,Industrial Frame,Silent Frame,Custom,800,Carbon + Plastic,Isolated,Standard,Industrial,Urban Ops
FRM-0118,Custom,Frames,Industrial Frame,Fire-Resistant Frame,Custom,950,Carbon + Ceramic,Replaceable,Standard,Industrial,Hazard Ops
FRM-0119,Custom,Frames,Industrial Frame,EMI-Shielded Frame,Custom,900,Carbon + Aluminum,Shielded,Standard,Industrial,EMI Ops
FRM-0120,Custom,Frames,Industrial Frame,Crash-Test Frame,Custom,850,Carbon + Aluminum,Replaceable,Standard,Industrial,Testing
FRM-0121,Custom,Frames,Industrial Frame,High Altitude Frame,Custom,1300,Composite,Replaceable,Standard,Industrial,HALE UAV
FRM-0122,Custom,Frames,Industrial Frame,Extreme Cold Frame,Custom,1000,Composite,Replaceable,Standard,Industrial,Arctic UAV
FRM-0123,Custom,Frames,Industrial Frame,Desert Frame,Custom,1100,Composite,Replaceable,Standard,Industrial,Desert UAV
FRM-0124,Custom,Frames,Industrial Frame,Marine Sealed Frame,Custom,950,Aluminum + Composite,Sealed,Custom,Industrial,Marine UAV
FRM-0125,Custom,Frames,VTOL Frame,Compact VTOL Frame,Custom,850,Composite,Hybrid,Custom,Industrial,Portable VTOL
FRM-0126,Custom,Frames,VTOL Frame,Heavy Lift VTOL Frame,Custom,1800,Composite,Hybrid,Custom,Industrial,Heavy VTOL
FRM-0127,Custom,Frames,Fixed Wing Frame,Modular Wing Frame,Custom,1700,Composite,Modular,Wing Mount,Fixed Wing,Research UAV
FRM-0128,Custom,Frames,Fixed Wing Frame,High Aspect Wing,Custom,2400,Composite,Fixed,Wing Mount,Fixed Wing,Glider UAV
FRM-0129,Custom,Frames,Fixed Wing Frame,STOL Wing Frame,Custom,1500,Composite,Fixed,Wing Mount,Fixed Wing,STOL UAV
FRM-0130,Custom,Frames,Industrial Frame,Experimental Frame Z,Custom,1000,Hybrid Composite,Modular,Custom,Industrial,Experimental UAV
FRM-0132,Lumenier,Frames,UAV Frame,Industrial Frame,7,300,Carbon + Plastic,Integrated,25x25,FPV,Long Range FPV
FRM-0133,iFlight,Frames,UAV Frame,Industrial Frame,8,65,Carbon,Replaceable,Whoop,Industrial,Explorer UAV
FRM-0134,BetaFPV,Frames,UAV Frame,Explorer Frame,4,65,Plastic,Integrated,30x30,FPV,Freestyle FPV
FRM-0135,Lumenier,Frames,UAV Frame,Whoop Frame,4,120,Carbon + Aluminum,Replaceable,16x16,FPV,Freestyle FPV
FRM-0136,HGLRC,Frames,UAV Frame,Whoop Frame,3,350,Carbon + Plastic,Integrated,16x16,FPV,Micro FPV
FRM-0137,Armattan,Frames,UAV Frame,Freestyle Frame,4,120,Carbon + Plastic,Integrated,20x20,FPV,Freestyle FPV
FRM-0138,ImpulseRC,Frames,UAV Frame,Racing Frame,6,300,Carbon + Aluminum,Replaceable,Whoop,FPV,Long Range FPV
FRM-0139,iFlight,Frames,UAV Frame,Cinewhoop Frame,10,95,Carbon Fiber,Replaceable,Whoop,Industrial,Industrial UAV
FRM-0140,BetaFPV,Frames,UAV Frame,Freestyle Frame,4,420,Plastic,Integrated,30x30,FPV,Freestyle FPV
FRM-0141,RekonFPV,Frames,UAV Frame,Long Range Frame,8,120,Carbon + Plastic,Integrated,25x25,Industrial,Explorer UAV
FRM-0142,ImpulseRC,Frames,UAV Frame,Racing Frame,8,120,Carbon Fiber,Integrated,Whoop,Industrial,Explorer UAV
FRM-0143,HGLRC,Frames,UAV Frame,Racing Frame,9,420,Carbon Fiber,Integrated,30x30,Industrial,Long Endurance
FRM-0144,ImpulseRC,Frames,UAV Frame,Long Range Frame,9,95,Carbon,Replaceable,Whoop,Industrial,Long Endurance
FRM-0145,GEPRC,Frames,UAV Frame,Whoop Frame,2,65,Plastic,Replaceable,16x16,FPV,Indoor FPV
FRM-0146,TBS,Frames,UAV Frame,Freestyle Frame,8,180,Carbon + Aluminum,Replaceable,Whoop,Industrial,Explorer UAV
FRM-0147,Happymodel,Frames,UAV Frame,Long Range Frame,3,85,Carbon + Aluminum,Integrated,Whoop,FPV,Micro FPV
FRM-0148,Happymodel,Frames,UAV Frame,Whoop Frame,7,350,Carbon + Aluminum,Integrated,16x16,FPV,Long Range FPV
FRM-0149,HGLRC,Frames,UAV Frame,Explorer Frame,3.5,110,Plastic,Replaceable,20x20,FPV,Cinematic FPV
FRM-0150,HGLRC,Frames,UAV Frame,Cinewhoop Frame,6,65,Plastic,Integrated,Whoop,FPV,Long Range FPV
FRM-0151,Diatone,Frames,UAV Frame,Whoop Frame,10,120,Plastic,Replaceable,16x16,Industrial,Industrial UAV
FRM-0152,Flywoo,Frames,UAV Frame,Long Range Frame,4,260,Carbon,Replaceable,16x16,FPV,Freestyle FPV
FRM-0153,Flywoo,Frames,UAV Frame,Racing Frame,2.5,120,Plastic,Replaceable,20x20,FPV,Indoor FPV
FRM-0154,Happymodel,Frames,UAV Frame,Industrial Frame,2.5,260,Carbon + Plastic,Replaceable,20x20,FPV,Indoor FPV
FRM-0155,iFlight,Frames,UAV Frame,Cinewhoop Frame,5,420,Carbon + Plastic,Integrated,Whoop,FPV,Freestyle FPV
FRM-0156,RekonFPV,Frames,UAV Frame,Long Range Frame,3,220,Carbon,Integrated,20x20,FPV,Micro FPV
FRM-0157,Flywoo,Frames,UAV Frame,Cinewhoop Frame,2,140,Plastic,Replaceable,16x16,FPV,Indoor FPV
FRM-0158,Diatone,Frames,UAV Frame,Racing Frame,2.5,180,Carbon Fiber,Replaceable,16x16,FPV,Indoor FPV
FRM-0159,AxisFlying,Frames,UAV Frame,Long Range Frame,10,110,Carbon Fiber,Replaceable,25x25,Industrial,Industrial UAV
FRM-0160,ImpulseRC,Frames,UAV Frame,Freestyle Frame,8,420,Carbon + Plastic,Replaceable,20x20,Industrial,Explorer UAV
FRM-0161,ImpulseRC,Frames,UAV Frame,Cinewhoop Frame,6,65,Plastic,Replaceable,30x30,FPV,Long Range FPV
FRM-0162,AxisFlying,Frames,UAV Frame,Industrial Frame,2,180,Carbon,Integrated,Whoop,FPV,Indoor FPV
FRM-0163,TBS,Frames,UAV Frame,Whoop Frame,5,220,Plastic,Replaceable,16x16,FPV,Freestyle FPV
FRM-0164,Flywoo,Frames,UAV Frame,Long Range Frame,3.5,85,Carbon Fiber,Integrated,20x20,FPV,Cinematic FPV
FRM-0165,BetaFPV,Frames,UAV Frame,Freestyle Frame,6,300,Carbon + Plastic,Integrated,20x20,FPV,Long Range FPV
FRM-0166,AxisFlying,Frames,UAV Frame,Racing Frame,8,180,Carbon + Plastic,Replaceable,30x30,Industrial,Explorer UAV
FRM-0167,GEPRC,Frames,UAV Frame,Cinewhoop Frame,9,65,Carbon + Aluminum,Integrated,30x30,Industrial,Long Endurance
FRM-0168,GEPRC,Frames,UAV Frame,Industrial Frame,4,75,Carbon,Replaceable,Whoop,FPV,Freestyle FPV
FRM-0169,GEPRC,Frames,UAV Frame,Industrial Frame,2,220,Carbon + Plastic,Replaceable,20x20,FPV,Indoor FPV
FRM-0170,Armattan,Frames,UAV Frame,Freestyle Frame,3,300,Carbon + Aluminum,Integrated,25x25,FPV,Micro FPV
FRM-0171,AxisFlying,Frames,UAV Frame,Freestyle Frame,3,140,Carbon,Replaceable,25x25,FPV,Micro FPV
FRM-0172,Diatone,Frames,UAV Frame,Long Range Frame,2,120,Carbon + Plastic,Integrated,30x30,FPV,Indoor FPV
FRM-0173,Foxeer,Frames,UAV Frame,Explorer Frame,8,120,Carbon,Integrated,20x20,Industrial,Explorer UAV
FRM-0174,GEPRC,Frames,UAV Frame,Explorer Frame,5,350,Carbon Fiber,Replaceable,25x25,FPV,Freestyle FPV
FRM-0175,GEPRC,Frames,UAV Frame,Whoop Frame,2.5,140,Plastic,Replaceable,16x16,FPV,Indoor FPV
FRM-0176,Armattan,Frames,UAV Frame,Whoop Frame,7,180,Plastic,Replaceable,30x30,FPV,Long Range FPV
FRM-0177,HGLRC,Frames,UAV Frame,Whoop Frame,6,140,Carbon + Aluminum,Replaceable,Whoop,FPV,Long Range FPV
FRM-0178,BetaFPV,Frames,UAV Frame,Freestyle Frame,4,350,Carbon,Integrated,30x30,FPV,Freestyle FPV
FRM-0179,GEPRC,Frames,UAV Frame,Cinewhoop Frame,7,140,Plastic,Integrated,20x20,FPV,Long Range FPV
FRM-0180,iFlight,Frames,UAV Frame,Racing Frame,3,180,Carbon + Plastic,Integrated,30x30,FPV,Micro FPV
FRM-0181,iFlight,Frames,UAV Frame,Cinewhoop Frame,9,260,Carbon Fiber,Integrated,20x20,Industrial,Long Endurance
FRM-0182,RekonFPV,Frames,UAV Frame,Whoop Frame,10,65,Carbon + Aluminum,Replaceable,30x30,Industrial,Industrial UAV
FRM-0183,Flywoo,Frames,UAV Frame,Long Range Frame,4,65,Carbon Fiber,Integrated,16x16,FPV,Freestyle FPV
FRM-0184,Flywoo,Frames,UAV Frame,Freestyle Frame,3.5,260,Carbon,Integrated,20x20,FPV,Cinematic FPV
FRM-0185,TBS,Frames,UAV Frame,Explorer Frame,7,65,Carbon + Aluminum,Replaceable,25x25,FPV,Long Range FPV
FRM-0186,Armattan,Frames,UAV Frame,Whoop Frame,7,65,Plastic,Integrated,Whoop,FPV,Long Range FPV
FRM-0187,TBS,Frames,UAV Frame,Long Range Frame,2,300,Plastic,Integrated,25x25,FPV,Indoor FPV
FRM-0188,ImpulseRC,Frames,UAV Frame,Long Range Frame,6,120,Carbon + Aluminum,Integrated,20x20,FPV,Long Range FPV
FRM-0189,BetaFPV,Frames,UAV Frame,Cinewhoop Frame,5,85,Carbon,Integrated,Whoop,FPV,Freestyle FPV
FRM-0190,RekonFPV,Frames,UAV Frame,Freestyle Frame,3,420,Plastic,Integrated,20x20,FPV,Micro FPV
FRM-0191,AxisFlying,Frames,UAV Frame,Whoop Frame,8,300,Carbon + Aluminum,Integrated,20x20,Industrial,Explorer UAV
FRM-0192,Lumenier,Frames,UAV Frame,Long Range Frame,5,120,Plastic,Integrated,30x30,FPV,Freestyle FPV
FRM-0193,RekonFPV,Frames,UAV Frame,Cinewhoop Frame,10,120,Carbon Fiber,Integrated,Whoop,Industrial,Industrial UAV
FRM-0194,Flywoo,Frames,UAV Frame,Industrial Frame,3.5,350,Plastic,Replaceable,30x30,FPV,Cinematic FPV
FRM-0195,GEPRC,Frames,UAV Frame,Freestyle Frame,5,300,Plastic,Integrated,20x20,FPV,Freestyle FPV
FRM-0196,Flywoo,Frames,UAV Frame,Industrial Frame,2,110,Carbon,Replaceable,25x25,FPV,Indoor FPV
FRM-0197,RekonFPV,Frames,UAV Frame,Racing Frame,5,65,Carbon,Replaceable,Whoop,FPV,Freestyle FPV
FRM-0198,HGLRC,Frames,UAV Frame,Explorer Frame,10,85,Carbon + Plastic,Replaceable,30x30,Industrial,Industrial UAV
FRM-0199,GEPRC,Frames,UAV Frame,Explorer Frame,6,180,Carbon + Plastic,Integrated,Whoop,FPV,Long Range FPV
FRM-0200,TBS,Frames,UAV Frame,Long Range Frame,6,85,Carbon + Plastic,Replaceable,30x30,FPV,Long Range FPV
FRM-0201,Diatone,Frames,UAV Frame,Cinewhoop Frame,10,75,Plastic,Integrated,25x25,Industrial,Industrial UAV
FRM-0202,Happymodel,Frames,UAV Frame,Cinewhoop Frame,2,65,Carbon + Aluminum,Replaceable,20x20,FPV,Indoor FPV
FRM-0203,Diatone,Frames,UAV Frame,Explorer Frame,2.5,420,Carbon + Plastic,Replaceable,25x25,FPV,Indoor FPV
FRM-0204,BetaFPV,Frames,UAV Frame,Whoop Frame,5,420,Plastic,Integrated,Whoop,FPV,Freestyle FPV
FRM-0205,HGLRC,Frames,UAV Frame,Explorer Frame,2.5,85,Carbon Fiber,Replaceable,Whoop,FPV,Indoor FPV
FRM-0206,AxisFlying,Frames,UAV Frame,Racing Frame,4,300,Plastic,Integrated,Whoop,FPV,Freestyle FPV
FRM-0207,Flywoo,Frames,UAV Frame,Cinewhoop Frame,8,75,Carbon,Replaceable,30x30,Industrial,Explorer UAV
FRM-0208,BetaFPV,Frames,UAV Frame,Freestyle Frame,10,95,Carbon + Aluminum,Integrated,25x25,Industrial,Industrial UAV
FRM-0209,AxisFlying,Frames,UAV Frame,Racing Frame,3.5,120,Plastic,Integrated,Whoop,FPV,Cinematic FPV
FRM-0210,AxisFlying,Frames,UAV Frame,Industrial Frame,9,350,Carbon + Aluminum,Replaceable,30x30,Industrial,Long Endurance
FRM-0211,ImpulseRC,Frames,UAV Frame,Explorer Frame,5,350,Carbon + Aluminum,Integrated,20x20,FPV,Freestyle FPV
FRM-0212,TBS,Frames,UAV Frame,Explorer Frame,5,140,Carbon + Aluminum,Integrated,Whoop,FPV,Freestyle FPV
FRM-0213,HGLRC,Frames,UAV Frame,Explorer Frame,7,140,Carbon + Aluminum,Integrated,16x16,FPV,Long Range FPV
FRM-0214,RekonFPV,Frames,UAV Frame,Freestyle Frame,5,75,Carbon,Integrated,30x30,FPV,Freestyle FPV
FRM-0215,Flywoo,Frames,UAV Frame,Industrial Frame,2,65,Carbon,Integrated,25x25,FPV,Indoor FPV
FRM-0216,Happymodel,Frames,UAV Frame,Explorer Frame,4,85,Carbon + Plastic,Integrated,20x20,FPV,Freestyle FPV
FRM-0217,RekonFPV,Frames,UAV Frame,Cinewhoop Frame,6,85,Carbon + Aluminum,Integrated,20x20,FPV,Long Range FPV
FRM-0218,Lumenier,Frames,UAV Frame,Cinewhoop Frame,3.5,300,Carbon Fiber,Integrated,16x16,FPV,Cinematic FPV
FRM-0219,Foxeer,Frames,UAV Frame,Industrial Frame,7,85,Carbon Fiber,Replaceable,16x16,FPV,Long Range FPV
FRM-0220,HGLRC,Frames,UAV Frame,Racing Frame,2,420,Carbon,Integrated,30x30,FPV,Indoor FPV
FRM-0221,RekonFPV,Frames,UAV Frame,Whoop Frame,4,65,Carbon Fiber,Integrated,25x25,FPV,Freestyle FPV
FRM-0222,RekonFPV,Frames,UAV Frame,Explorer Frame,9,420,Carbon + Aluminum,Integrated,25x25,Industrial,Long Endurance
FRM-0223,Flywoo,Frames,UAV Frame,Long Range Frame,3,350,Carbon + Plastic,Integrated,25x25,FPV,Micro FPV
FRM-0224,BetaFPV,Frames,UAV Frame,Whoop Frame,2,140,Carbon + Plastic,Integrated,30x30,FPV,Indoor FPV
FRM-0225,ImpulseRC,Frames,UAV Frame,Long Range Frame,2.5,300,Carbon Fiber,Integrated,25x25,FPV,Indoor FPV
FRM-0226,AxisFlying,Frames,UAV Frame,Cinewhoop Frame,9,300,Carbon Fiber,Replaceable,25x25,Industrial,Long Endurance
FRM-0227,iFlight,Frames,UAV Frame,Long Range Frame,4,75,Carbon,Replaceable,20x20,FPV,Freestyle FPV
FRM-0228,GEPRC,Frames,UAV Frame,Long Range Frame,6,65,Carbon + Plastic,Replaceable,20x20,FPV,Long Range FPV
FRM-0229,iFlight,Frames,UAV Frame,Industrial Frame,2,110,Carbon,Integrated,16x16,FPV,Indoor FPV
FRM-0230,Diatone,Frames,UAV Frame,Racing Frame,9,260,Plastic,Replaceable,20x20,Industrial,Long Endurance
FRM-0231,Armattan,Frames,UAV Frame,Freestyle Frame,2,95,Plastic,Replaceable,25x25,FPV,Indoor FPV
FRM-0232,GEPRC,Frames,UAV Frame,Whoop Frame,10,75,Plastic,Replaceable,30x30,Industrial,Industrial UAV
FRM-0233,RekonFPV,Frames,UAV Frame,Industrial Frame,8,140,Carbon + Plastic,Replaceable,16x16,Industrial,Explorer UAV
FRM-0234,RekonFPV,Frames,UAV Frame,Long Range Frame,3.5,95,Carbon Fiber,Integrated,16x16,FPV,Cinematic FPV
FRM-0235,Foxeer,Frames,UAV Frame,Industrial Frame,5,180,Plastic,Integrated,16x16,FPV,Freestyle FPV
FRM-0236,GEPRC,Frames,UAV Frame,Industrial Frame,3,85,Carbon + Plastic,Integrated,20x20,FPV,Micro FPV
FRM-0237,RekonFPV,Frames,UAV Frame,Whoop Frame,2,95,Carbon,Replaceable,25x25,FPV,Indoor FPV
FRM-0238,Diatone,Frames,UAV Frame,Explorer Frame,2.5,120,Plastic,Replaceable,30x30,FPV,Indoor FPV
FRM-0239,AxisFlying,Frames,UAV Frame,Whoop Frame,2.5,110,Carbon Fiber,Replaceable,25x25,FPV,Indoor FPV
FRM-0240,Happymodel,Frames,UAV Frame,Long Range Frame,4,140,Plastic,Replaceable,20x20,FPV,Freestyle FPV
FRM-0241,RekonFPV,Frames,UAV Frame,Freestyle Frame,5,300,Carbon + Aluminum,Integrated,30x30,FPV,Freestyle FPV
FRM-0242,Diatone,Frames,UAV Frame,Explorer Frame,4,140,Carbon Fiber,Replaceable,20x20,FPV,Freestyle FPV
FRM-0243,Flywoo,Frames,UAV Frame,Explorer Frame,7,350,Carbon,Integrated,25x25,FPV,Long Range FPV
FRM-0244,BetaFPV,Frames,UAV Frame,Long Range Frame,3.5,420,Carbon + Plastic,Integrated,Whoop,FPV,Cinematic FPV
FRM-0245,Flywoo,Frames,UAV Frame,Racing Frame,4,350,Plastic,Replaceable,25x25,FPV,Freestyle FPV
FRM-0246,HGLRC,Frames,UAV Frame,Industrial Frame,2.5,420,Carbon,Replaceable,30x30,FPV,Indoor FPV
FRM-0247,TBS,Frames,UAV Frame,Industrial Frame,10,260,Plastic,Integrated,30x30,Industrial,Industrial UAV
FRM-0248,Foxeer,Frames,UAV Frame,Cinewhoop Frame,6,120,Carbon + Aluminum,Integrated,Whoop,FPV,Long Range FPV
FRM-0249,Armattan,Frames,UAV Frame,Freestyle Frame,4,110,Carbon Fiber,Integrated,16x16,FPV,Freestyle FPV
FRM-0250,AxisFlying,Frames,UAV Frame,Long Range Frame,5,95,Carbon Fiber,Replaceable,30x30,FPV,Freestyle FPV
FRM-0251,AxisFlying,Frames,UAV Frame,Freestyle Frame,10,350,Carbon + Aluminum,Replaceable,25x25,Industrial,Industrial UAV
FRM-0252,iFlight,Frames,UAV Frame,Racing Frame,6,120,Carbon Fiber,Replaceable,20x20,FPV,Long Range FPV
FRM-0253,iFlight,Frames,UAV Frame,Whoop Frame,9,260,Carbon Fiber,Replaceable,25x25,Industrial,Long Endurance
FRM-0254,Flywoo,Frames,UAV Frame,Explorer Frame,2.5,140,Carbon Fiber,Integrated,30x30,FPV,Indoor FPV
FRM-0255,iFlight,Frames,UAV Frame,Industrial Frame,8,120,Plastic,Replaceable,30x30,Industrial,Explorer UAV
FRM-0256,Flywoo,Frames,UAV Frame,Whoop Frame,5,85,Carbon + Plastic,Replaceable,25x25,FPV,Freestyle FPV
FRM-0257,BetaFPV,Frames,UAV Frame,Cinewhoop Frame,7,140,Plastic,Integrated,16x16,FPV,Long Range FPV
FRM-0258,AxisFlying,Frames,UAV Frame,Racing Frame,10,85,Plastic,Integrated,Whoop,Industrial,Industrial UAV
FRM-0259,Armattan,Frames,UAV Frame,Cinewhoop Frame,10,140,Carbon + Plastic,Integrated,16x16,Industrial,Industrial UAV
FRM-0260,iFlight,Frames,UAV Frame,Freestyle Frame,5,95,Plastic,Integrated,Whoop,FPV,Freestyle FPV
FRM-0261,TBS,Frames,UAV Frame,Explorer Frame,6,300,Plastic,Replaceable,25x25,FPV,Long Range FPV
FRM-0262,BetaFPV,Frames,UAV Frame,Racing Frame,5,110,Carbon + Plastic,Replaceable,25x25,FPV,Freestyle FPV
FRM-0263,AxisFlying,Frames,UAV Frame,Racing Frame,2.5,110,Carbon,Integrated,Whoop,FPV,Indoor FPV
FRM-0264,GEPRC,Frames,UAV Frame,Freestyle Frame,7,120,Carbon,Replaceable,20x20,FPV,Long Range FPV
FRM-0265,Diatone,Frames,UAV Frame,Cinewhoop Frame,9,260,Plastic,Replaceable,Whoop,Industrial,Long Endurance
FRM-0266,Happymodel,Frames,UAV Frame,Long Range Frame,4,65,Carbon + Aluminum,Integrated,Whoop,FPV,Freestyle FPV
FRM-0267,HGLRC,Frames,UAV Frame,Racing Frame,3.5,110,Carbon + Plastic,Integrated,Whoop,FPV,Cinematic FPV
FRM-0268,Flywoo,Frames,UAV Frame,Long Range Frame,2.5,420,Carbon,Integrated,30x30,FPV,Indoor FPV
FRM-0269,HGLRC,Frames,UAV Frame,Industrial Frame,5,260,Carbon,Integrated,16x16,FPV,Freestyle FPV
FRM-0270,iFlight,Frames,UAV Frame,Long Range Frame,7,120,Carbon,Integrated,30x30,FPV,Long Range FPV
FRM-0271,ImpulseRC,Frames,UAV Frame,Racing Frame,3.5,300,Carbon Fiber,Integrated,30x30,FPV,Cinematic FPV
FRM-0272,Lumenier,Frames,UAV Frame,Freestyle Frame,3,140,Plastic,Replaceable,25x25,FPV,Micro FPV
FRM-0273,ImpulseRC,Frames,UAV Frame,Cinewhoop Frame,8,85,Carbon Fiber,Replaceable,16x16,Industrial,Explorer UAV
FRM-0274,Happymodel,Frames,UAV Frame,Industrial Frame,2.5,120,Carbon,Replaceable,16x16,FPV,Indoor FPV
FRM-0275,GEPRC,Frames,UAV Frame,Long Range Frame,7,350,Plastic,Integrated,20x20,FPV,Long Range FPV
FRM-0276,ImpulseRC,Frames,UAV Frame,Long Range Frame,4,140,Carbon + Aluminum,Integrated,30x30,FPV,Freestyle FPV
FRM-0277,RekonFPV,Frames,UAV Frame,Cinewhoop Frame,4,65,Carbon,Replaceable,25x25,FPV,Freestyle FPV
FRM-0278,GEPRC,Frames,UAV Frame,Freestyle Frame,10,350,Carbon + Aluminum,Replaceable,25x25,Industrial,Industrial UAV
FRM-0279,TBS,Frames,UAV Frame,Industrial Frame,2,260,Carbon Fiber,Integrated,Whoop,FPV,Indoor FPV
FRM-0280,ImpulseRC,Frames,UAV Frame,Industrial Frame,9,85,Carbon Fiber,Replaceable,20x20,Industrial,Long Endurance
FRM-0281,RekonFPV,Frames,UAV Frame,Explorer Frame,4,140,Carbon,Replaceable,Whoop,FPV,Freestyle FPV
FRM-0282,Happymodel,Frames,UAV Frame,Racing Frame,4,120,Carbon Fiber,Replaceable,25x25,FPV,Freestyle FPV
FRM-0283,Diatone,Frames,UAV Frame,Explorer Frame,3,65,Carbon,Integrated,30x30,FPV,Micro FPV
FRM-0284,Flywoo,Frames,UAV Frame,Freestyle Frame,3.5,140,Plastic,Replaceable,Whoop,FPV,Cinematic FPV
FRM-0285,Lumenier,Frames,UAV Frame,Long Range Frame,2.5,85,Carbon + Aluminum,Replaceable,25x25,FPV,Indoor FPV
FRM-0286,Diatone,Frames,UAV Frame,Freestyle Frame,8,220,Plastic,Integrated,Whoop,Industrial,Explorer UAV
FRM-0287,HGLRC,Frames,UAV Frame,Whoop Frame,2,85,Plastic,Integrated,30x30,FPV,Indoor FPV
FRM-0288,iFlight,Frames,UAV Frame,Whoop Frame,4,350,Plastic,Integrated,Whoop,FPV,Freestyle FPV
FRM-0289,Happymodel,Frames,UAV Frame,Long Range Frame,2.5,300,Carbon + Plastic,Replaceable,25x25,FPV,Indoor FPV
FRM-0290,ImpulseRC,Frames,UAV Frame,Explorer Frame,10,300,Carbon + Plastic,Integrated,Whoop,Industrial,Industrial UAV
FRM-0291,GEPRC,Frames,UAV Frame,Freestyle Frame,6,180,Carbon Fiber,Replaceable,25x25,FPV,Long Range FPV
FRM-0292,iFlight,Frames,UAV Frame,Explorer Frame,5,110,Plastic,Replaceable,16x16,FPV,Freestyle FPV
FRM-0293,RekonFPV,Frames,UAV Frame,Explorer Frame,10,220,Carbon Fiber,Replaceable,16x16,Industrial,Industrial UAV
FRM-0294,Lumenier,Frames,UAV Frame,Cinewhoop Frame,8,420,Carbon + Aluminum,Integrated,16x16,Industrial,Explorer UAV
FRM-0295,ImpulseRC,Frames,UAV Frame,Explorer Frame,9,65,Carbon Fiber,Integrated,16x16,Industrial,Long Endurance
FRM-0296,Armattan,Frames,UAV Frame,Cinewhoop Frame,4,110,Carbon,Replaceable,30x30,FPV,Freestyle FPV
FRM-0297,Flywoo,Frames,UAV Frame,Racing Frame,9,140,Carbon + Aluminum,Integrated,25x25,Industrial,Long Endurance
FRM-0298,Diatone,Frames,UAV Frame,Racing Frame,2.5,260,Plastic,Integrated,20x20,FPV,Indoor FPV
FRM-0299,iFlight,Frames,UAV Frame,Long Range Frame,6,420,Carbon Fiber,Integrated,25x25,FPV,Long Range FPV
FRM-0300,Happymodel,Frames,UAV Frame,Industrial Frame,5,220,Plastic,Integrated,30x30,FPV,Freestyle FPV
FRM-0301,Happymodel,Frames,UAV Frame,Long Range Frame,8,350,Carbon + Plastic,Integrated,30x30,Industrial,Explorer UAV
FRM-0302,Flywoo,Frames,UAV Frame,Industrial Frame,4,140,Carbon Fiber,Integrated,Whoop,FPV,Freestyle FPV
FRM-0303,GEPRC,Frames,UAV Frame,Freestyle Frame,3,260,Carbon + Plastic,Replaceable,25x25,FPV,Micro FPV
FRM-0304,iFlight,Frames,UAV Frame,Whoop Frame,10,420,Carbon,Replaceable,20x20,Industrial,Industrial UAV
FRM-0305,RekonFPV,Frames,UAV Frame,Freestyle Frame,3,220,Carbon + Aluminum,Replaceable,20x20,FPV,Micro FPV
FRM-0306,BetaFPV,Frames,UAV Frame,Cinewhoop Frame,9,120,Carbon,Integrated,Whoop,Industrial,Long Endurance
FRM-0307,Flywoo,Frames,UAV Frame,Freestyle Frame,3.5,260,Carbon,Replaceable,Whoop,FPV,Cinematic FPV
FRM-0308,GEPRC,Frames,UAV Frame,Whoop Frame,3.5,95,Carbon + Plastic,Integrated,25x25,FPV,Cinematic FPV
FRM-0309,TBS,Frames,UAV Frame,Industrial Frame,6,260,Plastic,Integrated,20x20,FPV,Long Range FPV
FRM-0310,ImpulseRC,Frames,UAV Frame,Whoop Frame,4,350,Carbon + Plastic,Integrated,20x20,FPV,Freestyle FPV
FRM-0311,Foxeer,Frames,UAV Frame,Racing Frame,7,180,Plastic,Replaceable,20x20,FPV,Long Range FPV
FRM-0312,Diatone,Frames,UAV Frame,Cinewhoop Frame,10,120,Plastic,Integrated,30x30,Industrial,Industrial UAV
FRM-0313,Lumenier,Frames,UAV Frame,Freestyle Frame,5,120,Carbon + Plastic,Integrated,25x25,FPV,Freestyle FPV
FRM-0314,TBS,Frames,UAV Frame,Industrial Frame,3,95,Carbon + Plastic,Replaceable,20x20,FPV,Micro FPV
FRM-0315,Lumenier,Frames,UAV Frame,Industrial Frame,2,85,Carbon + Plastic,Integrated,25x25,FPV,Indoor FPV
FRM-0316,iFlight,Frames,UAV Frame,Cinewhoop Frame,10,300,Carbon + Aluminum,Replaceable,Whoop,Industrial,Industrial UAV
FRM-0317,Happymodel,Frames,UAV Frame,Industrial Frame,7,120,Plastic,Integrated,30x30,FPV,Long Range FPV
FRM-0318,Diatone,Frames,UAV Frame,Cinewhoop Frame,3,300,Carbon,Replaceable,20x20,FPV,Micro FPV
FRM-0319,RekonFPV,Frames,UAV Frame,Racing Frame,7,300,Carbon,Replaceable,25x25,FPV,Long Range FPV
FRM-0320,AxisFlying,Frames,UAV Frame,Explorer Frame,4,420,Carbon + Aluminum,Replaceable,30x30,FPV,Freestyle FPV
FRM-0321,Diatone,Frames,UAV Frame,Freestyle Frame,8,220,Carbon,Integrated,25x25,Industrial,Explorer UAV
FRM-0322,Armattan,Frames,UAV Frame,Whoop Frame,4,120,Carbon,Replaceable,Whoop,FPV,Freestyle FPV
FRM-0323,Flywoo,Frames,UAV Frame,Cinewhoop Frame,7,65,Carbon,Replaceable,Whoop,FPV,Long Range FPV
FRM-0324,Lumenier,Frames,UAV Frame,Whoop Frame,10,95,Carbon + Plastic,Replaceable,Whoop,Industrial,Industrial UAV
FRM-0325,AxisFlying,Frames,UAV Frame,Whoop Frame,9,120,Plastic,Integrated,Whoop,Industrial,Long Endurance
FRM-0326,RekonFPV,Frames,UAV Frame,Racing Frame,7,300,Carbon,Replaceable,20x20,FPV,Long Range FPV
FRM-0327,Flywoo,Frames,UAV Frame,Racing Frame,7,65,Plastic,Replaceable,25x25,FPV,Long Range FPV
FRM-0328,iFlight,Frames,UAV Frame,Freestyle Frame,6,300,Carbon Fiber,Replaceable,30x30,FPV,Long Range FPV
FRM-0329,HGLRC,Frames,UAV Frame,Long Range Frame,9,420,Carbon + Plastic,Integrated,25x25,Industrial,Long Endurance
FRM-0330,Armattan,Frames,UAV Frame,Cinewhoop Frame,2.5,180,Plastic,Replaceable,20x20,FPV,Indoor FPV
FRM-0331,RekonFPV,Frames,UAV Frame,Racing Frame,9,350,Carbon + Aluminum,Replaceable,30x30,Industrial,Long Endurance
FRM-0332,GEPRC,Frames,UAV Frame,Freestyle Frame,7,220,Plastic,Replaceable,30x30,FPV,Long Range FPV
FRM-0333,ImpulseRC,Frames,UAV Frame,Freestyle Frame,10,220,Carbon Fiber,Replaceable,30x30,Industrial,Industrial UAV
FRM-0334,ImpulseRC,Frames,UAV Frame,Racing Frame,10,120,Plastic,Replaceable,30x30,Industrial,Industrial UAV
FRM-0335,Diatone,Frames,UAV Frame,Industrial Frame,7,140,Carbon Fiber,Replaceable,30x30,FPV,Long Range FPV
FRM-0336,TBS,Frames,UAV Frame,Freestyle Frame,9,75,Plastic,Integrated,16x16,Industrial,Long Endurance
FRM-0337,Lumenier,Frames,UAV Frame,Whoop Frame,2,110,Carbon,Replaceable,Whoop,FPV,Indoor FPV
FRM-0338,GEPRC,Frames,UAV Frame,Whoop Frame,5,260,Plastic,Integrated,Whoop,FPV,Freestyle FPV
FRM-0339,TBS,Frames,UAV Frame,Industrial Frame,4,350,Carbon + Aluminum,Replaceable,20x20,FPV,Freestyle FPV
FRM-0340,AxisFlying,Frames,UAV Frame,Long Range Frame,9,85,Carbon,Replaceable,Whoop,Industrial,Long Endurance
FRM-0341,ImpulseRC,Frames,UAV Frame,Freestyle Frame,3.5,140,Carbon + Aluminum,Integrated,16x16,FPV,Cinematic FPV
FRM-0342,HGLRC,Frames,UAV Frame,Cinewhoop Frame,9,110,Carbon + Plastic,Integrated,30x30,Industrial,Long Endurance
FRM-0343,iFlight,Frames,UAV Frame,Racing Frame,2,110,Carbon + Aluminum,Integrated,16x16,FPV,Indoor FPV
FRM-0344,ImpulseRC,Frames,UAV Frame,Industrial Frame,10,75,Carbon Fiber,Integrated,25x25,Industrial,Industrial UAV
FRM-0345,AxisFlying,Frames,UAV Frame,Racing Frame,4,420,Carbon + Plastic,Integrated,25x25,FPV,Freestyle FPV
FRM-0346,iFlight,Frames,UAV Frame,Freestyle Frame,10,95,Carbon,Integrated,30x30,Industrial,Industrial UAV
FRM-0347,ImpulseRC,Frames,UAV Frame,Whoop Frame,2.5,140,Carbon Fiber,Integrated,Whoop,FPV,Indoor FPV
FRM-0348,GEPRC,Frames,UAV Frame,Whoop Frame,10,120,Carbon + Plastic,Integrated,30x30,Industrial,Industrial UAV
FRM-0349,RekonFPV,Frames,UAV Frame,Racing Frame,9,300,Carbon + Aluminum,Replaceable,20x20,Industrial,Long Endurance
FRM-0350,GEPRC,Frames,UAV Frame,Industrial Frame,3.5,75,Carbon,Replaceable,25x25,FPV,Cinematic FPV
FRM-0351,AxisFlying,Frames,UAV Frame,Industrial Frame,9,75,Carbon,Replaceable,20x20,Industrial,Long Endurance UAV
FRM-0352,Happymodel,Frames,UAV Frame,Whoop Frame,4,120,Carbon + Plastic,Integrated,20x20,FPV,Freestyle FPV
FRM-0353,RekonFPV,Frames,UAV Frame,Explorer Frame,8,350,Carbon + Aluminum,Replaceable,Whoop,Industrial,Explorer UAV
FRM-0354,GEPRC,Frames,UAV Frame,Freestyle Frame,2,350,Carbon,Replaceable,20x20,FPV,Indoor FPV
FRM-0355,AxisFlying,Frames,UAV Frame,Explorer Frame,7,95,Carbon Fiber,Integrated,20x20,FPV,Long Range FPV
FRM-0356,ImpulseRC,Frames,UAV Frame,Freestyle Frame,3.5,300,Carbon Fiber,Replaceable,25x25,FPV,Cinematic FPV
FRM-0357,Foxeer,Frames,UAV Frame,Whoop Frame,5,180,Carbon + Aluminum,Integrated,30x30,FPV,Freestyle FPV
FRM-0358,Foxeer,Frames,UAV Frame,Cinewhoop Frame,10,180,Carbon,Integrated,16x16,Industrial,Industrial UAV
FRM-0359,BetaFPV,Frames,UAV Frame,Industrial Frame,2.5,220,Carbon Fiber,Integrated,25x25,FPV,Indoor FPV
FRM-0360,Diatone,Frames,UAV Frame,Whoop Frame,3,110,Plastic,Integrated,25x25,FPV,Micro FPV
FRM-0361,Lumenier,Frames,UAV Frame,Racing Frame,3,65,Carbon + Plastic,Integrated,Whoop,FPV,Micro FPV
FRM-0362,Flywoo,Frames,UAV Frame,Cinewhoop Frame,7,420,Carbon + Plastic,Integrated,25x25,FPV,Long Range FPV
FRM-0363,Armattan,Frames,UAV Frame,Long Range Frame,7,85,Carbon + Aluminum,Replaceable,20x20,FPV,Long Range FPV
FRM-0364,HGLRC,Frames,UAV Frame,Cinewhoop Frame,2.5,350,Plastic,Integrated,16x16,FPV,Indoor FPV
FRM-0365,TBS,Frames,UAV Frame,Cinewhoop Frame,8,110,Plastic,Replaceable,25x25,Industrial,Explorer UAV
FRM-0366,RekonFPV,Frames,UAV Frame,Industrial Frame,2,65,Carbon Fiber,Replaceable,25x25,FPV,Indoor FPV
FRM-0367,BetaFPV,Frames,UAV Frame,Whoop Frame,7,420,Carbon Fiber,Integrated,20x20,FPV,Long Range FPV
FRM-0368,Flywoo,Frames,UAV Frame,Industrial Frame,7,420,Carbon + Aluminum,Integrated,16x16,FPV,Long Range FPV
FRM-0369,BetaFPV,Frames,UAV Frame,Whoop Frame,9,220,Plastic,Integrated,Whoop,Industrial,Long Endurance UAV
FRM-0370,Armattan,Frames,UAV Frame,Freestyle Frame,10,95,Plastic,Replaceable,30x30,Industrial,Industrial UAV
FRM-0371,HGLRC,Frames,UAV Frame,Explorer Frame,3,180,Carbon Fiber,Replaceable,20x20,FPV,Micro FPV
FRM-0372,AxisFlying,Frames,UAV Frame,Explorer Frame,9,180,Carbon,Integrated,20x20,Industrial,Long Endurance UAV
FRM-0373,Diatone,Frames,UAV Frame,Whoop Frame,3,220,Carbon,Replaceable,Whoop,FPV,Micro FPV
FRM-0374,Foxeer,Frames,UAV Frame,Racing Frame,3.5,85,Carbon Fiber,Integrated,Whoop,FPV,Cinematic FPV
FRM-0375,Flywoo,Frames,UAV Frame,Explorer Frame,10,350,Carbon,Replaceable,20x20,Industrial,Industrial UAV
FRM-0376,GEPRC,Frames,UAV Frame,Long Range Frame,7,140,Carbon Fiber,Replaceable,25x25,FPV,Long Range FPV
FRM-0377,TBS,Frames,UAV Frame,Whoop Frame,9,95,Carbon,Replaceable,30x30,Industrial,Long Endurance UAV
FRM-0378,ImpulseRC,Frames,UAV Frame,Cinewhoop Frame,8,65,Carbon + Plastic,Replaceable,16x16,Industrial,Explorer UAV
FRM-0379,GEPRC,Frames,UAV Frame,Explorer Frame,3,95,Carbon + Aluminum,Replaceable,25x25,FPV,Micro FPV
FRM-0380,Lumenier,Frames,UAV Frame,Long Range Frame,2,85,Carbon,Replaceable,20x20,FPV,Indoor FPV
FRM-0381,GEPRC,Frames,UAV Frame,Long Range Frame,9,180,Carbon + Aluminum,Integrated,30x30,Industrial,Long Endurance UAV
FRM-0382,Armattan,Frames,UAV Frame,Long Range Frame,4,85,Plastic,Integrated,25x25,FPV,Freestyle FPV
FRM-0383,TBS,Frames,UAV Frame,Cinewhoop Frame,6,420,Plastic,Integrated,20x20,FPV,Long Range FPV
FRM-0384,TBS,Frames,UAV Frame,Long Range Frame,5,110,Carbon + Aluminum,Integrated,30x30,FPV,Freestyle FPV
FRM-0385,Flywoo,Frames,UAV Frame,Long Range Frame,9,260,Carbon,Replaceable,25x25,Industrial,Long Endurance UAV
FRM-0386,AxisFlying,Frames,UAV Frame,Explorer Frame,9,420,Carbon + Plastic,Integrated,25x25,Industrial,Long Endurance UAV
FRM-0387,Happymodel,Frames,UAV Frame,Racing Frame,2,110,Carbon + Plastic,Integrated,25x25,FPV,Indoor FPV
FRM-0388,AxisFlying,Frames,UAV Frame,Cinewhoop Frame,2,140,Carbon + Aluminum,Integrated,20x20,FPV,Indoor FPV
FRM-0389,GEPRC,Frames,UAV Frame,Long Range Frame,3.5,65,Carbon + Plastic,Replaceable,30x30,FPV,Cinematic FPV
FRM-0390,Armattan,Frames,UAV Frame,Long Range Frame,6,260,Carbon Fiber,Replaceable,16x16,FPV,Long Range FPV
FRM-0391,Foxeer,Frames,UAV Frame,Freestyle Frame,4,65,Carbon + Plastic,Replaceable,16x16,FPV,Freestyle FPV
FRM-0392,RekonFPV,Frames,UAV Frame,Freestyle Frame,9,260,Carbon Fiber,Replaceable,16x16,Industrial,Long Endurance UAV
FRM-0393,GEPRC,Frames,UAV Frame,Whoop Frame,8,120,Carbon + Plastic,Integrated,25x25,Industrial,Explorer UAV
FRM-0394,Foxeer,Frames,UAV Frame,Cinewhoop Frame,2.5,260,Carbon + Plastic,Integrated,16x16,FPV,Indoor FPV
FRM-0395,Happymodel,Frames,UAV Frame,Whoop Frame,3,180,Carbon + Aluminum,Replaceable,30x30,FPV,Micro FPV
FRM-0396,TBS,Frames,UAV Frame,Explorer Frame,6,65,Carbon + Aluminum,Replaceable,Whoop,FPV,Long Range FPV
FRM-0397,Flywoo,Frames,UAV Frame,Racing Frame,3,95,Carbon Fiber,Replaceable,20x20,FPV,Micro FPV
FRM-0398,Diatone,Frames,UAV Frame,Cinewhoop Frame,4,180,Carbon + Aluminum,Integrated,16x16,FPV,Freestyle FPV
FRM-0399,Diatone,Frames,UAV Frame,Long Range Frame,4,350,Carbon,Integrated,16x16,FPV,Freestyle FPV
FRM-0400,AxisFlying,Frames,UAV Frame,Cinewhoop Frame,5,350,Carbon,Replaceable,16x16,FPV,Freestyle FPV
FRM-0401,RekonFPV,Frames,UAV Frame,Racing Frame,9,300,Carbon + Aluminum,Replaceable,Whoop,Industrial,Long Endurance UAV
FRM-0402,RekonFPV,Frames,UAV Frame,Long Range Frame,9,260,Carbon + Aluminum,Integrated,16x16,Industrial,Long Endurance UAV
FRM-0403,RekonFPV,Frames,UAV Frame,Whoop Frame,3,75,Carbon Fiber,Replaceable,Whoop,FPV,Micro FPV
FRM-0404,iFlight,Frames,UAV Frame,Long Range Frame,6,350,Carbon + Aluminum,Integrated,30x30,FPV,Long Range FPV
FRM-0405,Armattan,Frames,UAV Frame,Long Range Frame,8,300,Carbon,Integrated,30x30,Industrial,Explorer UAV
FRM-0406,BetaFPV,Frames,UAV Frame,Freestyle Frame,9,140,Carbon + Aluminum,Replaceable,25x25,Industrial,Long Endurance UAV
FRM-0407,Flywoo,Frames,UAV Frame,Freestyle Frame,9,140,Plastic,Replaceable,Whoop,Industrial,Long Endurance UAV
FRM-0408,Diatone,Frames,UAV Frame,Explorer Frame,5,220,Carbon,Replaceable,20x20,FPV,Freestyle FPV
FRM-0409,AxisFlying,Frames,UAV Frame,Racing Frame,7,420,Carbon + Plastic,Integrated,25x25,FPV,Long Range FPV
FRM-0410,Foxeer,Frames,UAV Frame,Cinewhoop Frame,3,350,Carbon + Plastic,Integrated,20x20,FPV,Micro FPV
FRM-0411,RekonFPV,Frames,UAV Frame,Freestyle Frame,7,140,Carbon Fiber,Replaceable,16x16,FPV,Long Range FPV
FRM-0412,BetaFPV,Frames,UAV Frame,Explorer Frame,3.5,220,Carbon + Aluminum,Integrated,Whoop,FPV,Cinematic FPV
FRM-0413,Lumenier,Frames,UAV Frame,Industrial Frame,6,300,Carbon,Integrated,25x25,FPV,Long Range FPV
FRM-0414,Happymodel,Frames,UAV Frame,Long Range Frame,2,420,Carbon Fiber,Replaceable,Whoop,FPV,Indoor FPV
FRM-0415,Lumenier,Frames,UAV Frame,Whoop Frame,2,300,Carbon + Plastic,Integrated,30x30,FPV,Indoor FPV
FRM-0416,ImpulseRC,Frames,UAV Frame,Industrial Frame,5,220,Carbon + Aluminum,Integrated,25x25,FPV,Freestyle FPV
FRM-0417,Happymodel,Frames,UAV Frame,Whoop Frame,5,110,Carbon,Integrated,Whoop,FPV,Freestyle FPV
FRM-0418,Lumenier,Frames,UAV Frame,Racing Frame,7,65,Carbon + Plastic,Replaceable,30x30,FPV,Long Range FPV
FRM-0419,Happymodel,Frames,UAV Frame,Explorer Frame,7,140,Carbon Fiber,Replaceable,20x20,FPV,Long Range FPV
FRM-0420,HGLRC,Frames,UAV Frame,Whoop Frame,7,180,Plastic,Integrated,Whoop,FPV,Long Range FPV
FRM-0421,Lumenier,Frames,UAV Frame,Cinewhoop Frame,2.5,420,Carbon,Replaceable,30x30,FPV,Indoor FPV
FRM-0422,RekonFPV,Frames,UAV Frame,Freestyle Frame,4,420,Carbon,Replaceable,25x25,FPV,Freestyle FPV
FRM-0423,Happymodel,Frames,UAV Frame,Cinewhoop Frame,8,260,Carbon + Plastic,Replaceable,16x16,Industrial,Explorer UAV
FRM-0424,Armattan,Frames,UAV Frame,Racing Frame,6,120,Carbon + Plastic,Integrated,20x20,FPV,Long Range FPV
FRM-0425,Armattan,Frames,UAV Frame,Industrial Frame,7,260,Carbon + Plastic,Integrated,20x20,FPV,Long Range FPV
FRM-0426,Foxeer,Frames,UAV Frame,Industrial Frame,6,300,Carbon Fiber,Integrated,16x16,FPV,Long Range FPV
FRM-0427,RekonFPV,Frames,UAV Frame,Freestyle Frame,4,75,Carbon + Aluminum,Integrated,Whoop,FPV,Freestyle FPV
FRM-0428,GEPRC,Frames,UAV Frame,Cinewhoop Frame,8,300,Plastic,Replaceable,Whoop,Industrial,Explorer UAV
FRM-0429,RekonFPV,Frames,UAV Frame,Whoop Frame,7,95,Carbon + Aluminum,Integrated,16x16,FPV,Long Range FPV
FRM-0430,Flywoo,Frames,UAV Frame,Explorer Frame,2,140,Carbon + Plastic,Replaceable,30x30,FPV,Indoor FPV
FRM-0431,HGLRC,Frames,UAV Frame,Long Range Frame,9,65,Carbon + Plastic,Integrated,30x30,Industrial,Long Endurance UAV
FRM-0432,Happymodel,Frames,UAV Frame,Explorer Frame,3.5,220,Carbon + Plastic,Integrated,Whoop,FPV,Cinematic FPV
FRM-0433,HGLRC,Frames,UAV Frame,Freestyle Frame,3.5,140,Carbon + Aluminum,Replaceable,20x20,FPV,Cinematic FPV
FRM-0434,ImpulseRC,Frames,UAV Frame,Industrial Frame,3,95,Carbon Fiber,Integrated,16x16,FPV,Micro FPV
FRM-0435,ImpulseRC,Frames,UAV Frame,Explorer Frame,7,65,Carbon Fiber,Replaceable,Whoop,FPV,Long Range FPV
FRM-0436,BetaFPV,Frames,UAV Frame,Whoop Frame,4,260,Carbon + Plastic,Replaceable,20x20,FPV,Freestyle FPV
FRM-0437,GEPRC,Frames,UAV Frame,Industrial Frame,3.5,120,Carbon + Aluminum,Integrated,Whoop,FPV,Cinematic FPV
FRM-0438,Lumenier,Frames,UAV Frame,Explorer Frame,10,110,Carbon + Aluminum,Replaceable,16x16,Industrial,Industrial UAV
FRM-0439,GEPRC,Frames,UAV Frame,Explorer Frame,10,85,Carbon + Plastic,Integrated,16x16,Industrial,Industrial UAV
FRM-0440,HGLRC,Frames,UAV Frame,Freestyle Frame,2,140,Carbon,Replaceable,16x16,FPV,Indoor FPV
FRM-0441,HGLRC,Frames,UAV Frame,Cinewhoop Frame,6,140,Plastic,Replaceable,20x20,FPV,Long Range FPV
FRM-0442,ImpulseRC,Frames,UAV Frame,Racing Frame,8,420,Carbon + Plastic,Integrated,Whoop,Industrial,Explorer UAV
FRM-0443,RekonFPV,Frames,UAV Frame,Freestyle Frame,3,220,Carbon Fiber,Integrated,16x16,FPV,Micro FPV
FRM-0444,Lumenier,Frames,UAV Frame,Racing Frame,8,75,Carbon,Integrated,Whoop,Industrial,Explorer UAV
FRM-0445,TBS,Frames,UAV Frame,Cinewhoop Frame,6,420,Carbon + Plastic,Replaceable,30x30,FPV,Long Range FPV
FRM-0446,iFlight,Frames,UAV Frame,Cinewhoop Frame,2.5,350,Carbon Fiber,Replaceable,Whoop,FPV,Indoor FPV
FRM-0447,Armattan,Frames,UAV Frame,Long Range Frame,5,120,Carbon + Aluminum,Replaceable,30x30,FPV,Freestyle FPV
FRM-0448,Foxeer,Frames,UAV Frame,Industrial Frame,7,350,Carbon,Replaceable,Whoop,FPV,Long Range FPV
FRM-0449,TBS,Frames,UAV Frame,Freestyle Frame,6,220,Carbon Fiber,Replaceable,Whoop,FPV,Long Range FPV
FRM-0450,Armattan,Frames,UAV Frame,Whoop Frame,9,260,Carbon,Replaceable,25x25,Industrial,Long Endurance UAV
FRM-0451,ImpulseRC,Frames,UAV Frame,Industrial Frame,5,260,Plastic,Replaceable,30x30,FPV,Freestyle FPV
FRM-0452,Happymodel,Frames,UAV Frame,Whoop Frame,5,350,Carbon Fiber,Replaceable,20x20,FPV,Freestyle FPV
FRM-0453,Flywoo,Frames,UAV Frame,Explorer Frame,7,350,Carbon + Plastic,Integrated,20x20,FPV,Long Range FPV
FRM-0454,Armattan,Frames,UAV Frame,Freestyle Frame,6,95,Carbon + Aluminum,Integrated,25x25,FPV,Long Range FPV
FRM-0455,HGLRC,Frames,UAV Frame,Explorer Frame,6,85,Carbon Fiber,Replaceable,Whoop,FPV,Long Range FPV
FRM-0456,ImpulseRC,Frames,UAV Frame,Cinewhoop Frame,8,220,Carbon Fiber,Integrated,20x20,Industrial,Explorer UAV
FRM-0457,Armattan,Frames,UAV Frame,Freestyle Frame,5,180,Carbon,Integrated,30x30,FPV,Freestyle FPV
FRM-0458,Flywoo,Frames,UAV Frame,Racing Frame,2,300,Carbon + Plastic,Integrated,20x20,FPV,Indoor FPV
FRM-0459,Diatone,Frames,UAV Frame,Cinewhoop Frame,5,140,Plastic,Replaceable,25x25,FPV,Freestyle FPV
FRM-0460,Lumenier,Frames,UAV Frame,Freestyle Frame,10,75,Carbon + Aluminum,Integrated,30x30,Industrial,Industrial UAV
FRM-0461,BetaFPV,Frames,UAV Frame,Whoop Frame,4,85,Carbon Fiber,Replaceable,20x20,FPV,Freestyle FPV
FRM-0462,iFlight,Frames,UAV Frame,Freestyle Frame,2,420,Carbon,Integrated,30x30,FPV,Indoor FPV
FRM-0463,ImpulseRC,Frames,UAV Frame,Explorer Frame,8,180,Carbon + Aluminum,Replaceable,Whoop,Industrial,Explorer UAV
FRM-0464,Diatone,Frames,UAV Frame,Racing Frame,6,420,Carbon + Aluminum,Replaceable,30x30,FPV,Long Range FPV
FRM-0465,TBS,Frames,UAV Frame,Cinewhoop Frame,2,85,Carbon,Integrated,20x20,FPV,Indoor FPV
FRM-0466,Armattan,Frames,UAV Frame,Whoop Frame,6,75,Carbon + Aluminum,Integrated,25x25,FPV,Long Range FPV
FRM-0467,BetaFPV,Frames,UAV Frame,Cinewhoop Frame,9,140,Carbon + Aluminum,Replaceable,25x25,Industrial,Long Endurance UAV
FRM-0468,GEPRC,Frames,UAV Frame,Whoop Frame,2,420,Carbon,Replaceable,Whoop,FPV,Indoor FPV
FRM-0469,Armattan,Frames,UAV Frame,Freestyle Frame,6,420,Plastic,Integrated,25x25,FPV,Long Range FPV
FRM-0470,Armattan,Frames,UAV Frame,Cinewhoop Frame,5,140,Plastic,Replaceable,25x25,FPV,Freestyle FPV
FRM-0471,Armattan,Frames,UAV Frame,Racing Frame,8,65,Carbon Fiber,Integrated,25x25,Industrial,Explorer UAV
FRM-0472,Foxeer,Frames,UAV Frame,Freestyle Frame,7,110,Plastic,Replaceable,20x20,FPV,Long Range FPV
FRM-0473,AxisFlying,Frames,UAV Frame,Long Range Frame,5,220,Carbon,Integrated,25x25,FPV,Freestyle FPV
FRM-0474,Armattan,Frames,UAV Frame,Industrial Frame,5,65,Plastic,Replaceable,Whoop,FPV,Freestyle FPV
FRM-0475,AxisFlying,Frames,UAV Frame,Whoop Frame,9,65,Carbon,Replaceable,Whoop,Industrial,Long Endurance UAV
FRM-0476,Flywoo,Frames,UAV Frame,Freestyle Frame,9,300,Carbon Fiber,Integrated,Whoop,Industrial,Long Endurance UAV
FRM-0477,Lumenier,Frames,UAV Frame,Freestyle Frame,10,350,Carbon + Aluminum,Replaceable,20x20,Industrial,Industrial UAV
FRM-0478,Happymodel,Frames,UAV Frame,Freestyle Frame,3,120,Carbon + Aluminum,Integrated,16x16,FPV,Micro FPV
FRM-0479,ImpulseRC,Frames,UAV Frame,Industrial Frame,6,180,Carbon Fiber,Replaceable,16x16,FPV,Long Range FPV
FRM-0480,GEPRC,Frames,UAV Frame,Explorer Frame,10,350,Carbon Fiber,Replaceable,Whoop,Industrial,Industrial UAV
FRM-0481,HGLRC,Frames,UAV Frame,Whoop Frame,8,420,Plastic,Integrated,30x30,Industrial,Explorer UAV
FRM-0482,Armattan,Frames,UAV Frame,Long Range Frame,10,300,Carbon + Aluminum,Integrated,20x20,Industrial,Industrial UAV
FRM-0483,GEPRC,Frames,UAV Frame,Racing Frame,5,95,Carbon,Integrated,Whoop,FPV,Freestyle FPV
FRM-0484,Diatone,Frames,UAV Frame,Explorer Frame,8,420,Carbon Fiber,Replaceable,25x25,Industrial,Explorer UAV
FRM-0485,GEPRC,Frames,UAV Frame,Cinewhoop Frame,5,260,Plastic,Integrated,16x16,FPV,Freestyle FPV
FRM-0486,Flywoo,Frames,UAV Frame,Racing Frame,4,85,Carbon + Aluminum,Integrated,20x20,FPV,Freestyle FPV
FRM-0487,Armattan,Frames,UAV Frame,Freestyle Frame,9,120,Carbon + Aluminum,Replaceable,20x20,Industrial,Long Endurance UAV
FRM-0488,RekonFPV,Frames,UAV Frame,Industrial Frame,3.5,350,Carbon,Replaceable,20x20,FPV,Cinematic FPV
FRM-0489,Foxeer,Frames,UAV Frame,Long Range Frame,2.5,300,Carbon + Plastic,Replaceable,16x16,FPV,Indoor FPV
FRM-0490,BetaFPV,Frames,UAV Frame,Long Range Frame,3,95,Carbon Fiber,Replaceable,16x16,FPV,Micro FPV
FRM-0491,Flywoo,Frames,UAV Frame,Long Range Frame,4,300,Plastic,Integrated,30x30,FPV,Freestyle FPV
FRM-0492,Diatone,Frames,UAV Frame,Industrial Frame,3,420,Carbon + Aluminum,Replaceable,30x30,FPV,Micro FPV
FRM-0493,ImpulseRC,Frames,UAV Frame,Cinewhoop Frame,3,350,Carbon + Plastic,Integrated,Whoop,FPV,Micro FPV
FRM-0494,Foxeer,Frames,UAV Frame,Explorer Frame,7,120,Carbon + Aluminum,Replaceable,16x16,FPV,Long Range FPV
FRM-0495,GEPRC,Frames,UAV Frame,Whoop Frame,10,350,Carbon,Replaceable,16x16,Industrial,Industrial UAV
FRM-0496,GEPRC,Frames,UAV Frame,Racing Frame,5,85,Carbon + Aluminum,Replaceable,30x30,FPV,Freestyle FPV
FRM-0497,Happymodel,Frames,UAV Frame,Freestyle Frame,7,75,Carbon + Plastic,Integrated,16x16,FPV,Long Range FPV
FRM-0498,Armattan,Frames,UAV Frame,Explorer Frame,10,95,Carbon + Aluminum,Replaceable,20x20,Industrial,Industrial UAV
FRM-0499,BetaFPV,Frames,UAV Frame,Explorer Frame,2,220,Carbon Fiber,Replaceable,20x20,FPV,Indoor FPV
FRM-0500,Diatone,Frames,UAV Frame,Racing Frame,3,95,Carbon,Integrated,30x30,FPV,Micro FPV
